USE HospitalDB1
GO

-------------------------------
/*
	Nhan vien
*/
-------------------------------
INSERT INTO dbo.NhanVien
VALUES
	('000000000', 'adm', 'adm', '1980-01-01', '2005-01-01'),
	--Bac si chinh--
	('100000001', 'Nguyen Thu', 'Hoai', '1990-01-01', '2020-01-01'),
	('100000002', 'Tran Xuan', 'Loc', '1985-12-23', '2015-02-01'),
	('100000003', 'Ha Van', 'Hiep', '1981-12-12', '2012-04-01'),
	('100000004', 'Bui Quang', 'Thinh', '1984-01-01', '2012-01-01'),
	('100000005', 'Nguyen Ba', 'Thu', '1986-02-01', '2019-06-01'),
	('100000006', 'Mai Thu', 'Trinh', '1990-05-17', '2018-05-02'),
	('100000007', 'Trinh Thu', 'Ha', '1976-08-15', '2014-01-20'),
	--Bac si xet nghiem--
	('100000011', 'Mai Duc', 'Tien', '1987-06-05', '2015-02-03'),
	('100000012', 'Trinh Xuan', 'Hoai', '1982-03-14', '2018-03-06'),
	('100000013', 'Mai Van', 'Tien', '1990-11-03', '2014-05-06'),
	('100000014', 'Nguyen Thu', 'Ha', '1982-04-15', '2016-04-04'),
	('100000015', 'Tran Quynh', 'Nhu', '1983-07-22', '2017-02-09'),
	('100000016', 'Ho Ngoc', 'Tien', '1985-03-17', '2013-06-20'),
	('100000017', 'Dinh Quang', 'Vinh', '1977-10-19', '2014-03-27'),
	--Bac si chup phim--
	('100000021', 'Ngo Ba', 'Can', '1995-04-15', '2020-03-10'),
	('100000022', 'Bui Xuan', 'Hao', '1983-04-20', '2016-04-30'),
	('100000023', 'Nguyen Dinh', 'Vinh', '1984-05-03', '2013-06-01'),
	('100000024', 'Tran Nguyen Binh', 'An', '1976-01-04', '2010-03-11'),
	('100000025', 'Thai Phuc', 'Hiep', '1988-02-12', '2017-10-23'),
	('100000026', 'Tran Chi', 'Cong', '1987-12-24', '2015-07-14'),
	('100000027', 'Luu Ngoc', 'Dung', '1983-10-22', '2011-08-19');
	
INSERT INTO dbo.CaTruc
VALUES
	(1, '00:00:00', '07:59:59'),
	(2, '08:00:00', '15:59:59'),
	(3, '16:00:00', '23:59:59');

INSERT INTO dbo.LamViec
VALUES
	('000000000', 2, 1), ('000000000', 2, 2), ('000000000', 2, 3),
	('000000000', 3, 1), ('000000000', 3, 2), ('000000000', 3, 3),
	('000000000', 4, 1), ('000000000', 4, 2), ('000000000', 4, 3),
	('000000000', 5, 1), ('000000000', 5, 2), ('000000000', 5, 3),
	('000000000', 6, 1), ('000000000', 6, 2), ('000000000', 6, 3),
	('000000000', 7, 1), ('000000000', 7, 2), ('000000000', 7, 3),
	('000000000', 8, 1), ('000000000', 8, 2), ('000000000', 8, 3),

	('100000001', 2, 1),	('100000001', 3, 2),	('100000001', 4, 2),
	('100000001', 5, 3),	('100000001', 6, 2),	('100000001', 7, 1),
	('100000001', 7, 3),

	('100000002', 2, 2),	('100000002', 3, 2),	('100000002', 4, 2),
	('100000002', 4, 3),	('100000002', 6, 2),	('100000002', 7, 1),
	('100000002', 7, 3),

	('100000003', 3, 1),	('100000003', 3, 2),	('100000003', 4, 1),
	('100000003', 4, 2),	('100000003', 6, 1),	('100000003', 8, 2),
	('100000003', 8, 3),

	('100000004', 2, 2),	('100000004', 2, 3),	('100000004', 3, 3),
	('100000004', 4, 1),	('100000004', 5, 1),	('100000004', 5, 2),
	('100000004', 6, 3),

	('100000005', 2, 1),	('100000005', 3, 2),	('100000005', 4, 3),
	('100000005', 5, 1),	('100000005', 6, 2),	('100000005', 7, 3),
	('100000005', 8, 1),

	('100000006', 2, 1),	('100000006', 2, 2),	('100000006', 4, 1),
	('100000006', 4, 2),	('100000006', 6, 2),	('100000006', 6, 3),
	('100000006', 7, 2),

	('100000007', 2, 3),	('100000007', 3, 1),	('100000007', 4, 3),
	('100000007', 5, 1),	('100000007', 6, 2),	('100000007', 7, 2),
	('100000007', 8, 2),

	--BSXN--
	('100000011', 2, 2),	('100000011', 3, 2),	('100000011', 4, 2),
	('100000011', 5, 1),	('100000011', 6, 1),	('100000011', 7, 3),
	('100000011', 8, 2),

	('100000012', 2, 1),	('100000012', 3, 1),	('100000012', 4, 3),
	('100000012', 5, 2),	('100000012', 6, 2),	('100000012', 7, 1),
	('100000012', 8, 3),

	('100000013', 2, 3),	('100000013', 3, 2),	('100000013', 4, 1),
	('100000013', 5, 2),	('100000013', 6, 1),	('100000013', 7, 2),
	('100000013', 8, 3),

	('100000014', 2, 1),	('100000014', 2, 2),	('100000014', 4, 2),
	('100000014', 4, 3),	('100000014', 6, 1),	('100000014', 6, 2),
	('100000014', 8, 1),

	('100000015', 3, 2),	('100000015', 3, 3),	('100000015', 5, 1),
	('100000015', 5, 2),	('100000015', 7, 2),	('100000015', 7, 3),
	('100000015', 8, 2),

	('100000016', 2, 1),	('100000016', 3, 1),	('100000016', 4, 1),
	('100000016', 5, 2),	('100000016', 6, 3),	('100000016', 7, 2),
	('100000016', 8, 3),

	('100000017', 2, 1),	('100000017', 3, 2),	('100000017', 4, 2),
	('100000017', 5, 3),	('100000017', 6, 1),	('100000017', 7, 1),
	('100000017', 8, 2),

	--BSCP--
	('100000021', 2, 2),	('100000021', 3, 2),	('100000021', 4, 2),
	('100000021', 5, 1),	('100000021', 6, 1),	('100000021', 7, 3),
	('100000021', 8, 2),

	('100000022', 2, 1),	('100000022', 3, 1),	('100000022', 4, 3),
	('100000022', 5, 2),	('100000022', 6, 2),	('100000022', 7, 1),
	('100000022', 8, 3),

	('100000023', 2, 3),	('100000023', 3, 2),	('100000023', 4, 1),
	('100000023', 5, 2),	('100000023', 6, 1),	('100000023', 7, 2),
	('100000023', 8, 3),

	('100000024', 2, 1),	('100000024', 2, 2),	('100000024', 4, 2),
	('100000024', 4, 3),	('100000024', 6, 1),	('100000024', 6, 2),
	('100000024', 8, 1),

	('100000025', 3, 2),	('100000025', 3, 3),	('100000025', 5, 1),
	('100000025', 5, 2),	('100000025', 7, 2),	('100000025', 7, 3),
	('100000025', 8, 2),

	('100000026', 2, 1),	('100000026', 3, 1),	('100000026', 4, 1),
	('100000026', 5, 2),	('100000026', 6, 3),	('100000026', 7, 2),
	('100000026', 8, 3),

	('100000027', 2, 1),	('100000027', 3, 2),	('100000027', 4, 2),
	('100000027', 5, 3),	('100000027', 6, 1),	('100000027', 7, 1),
	('100000027', 8, 2);

INSERT INTO BacSi
VALUES
	--Bac si chinh--
	('100000001', 'CTCH', 'ThacSi', '5', '0001'),
	('100000002', 'CTCH', 'ChuyenKhoa', '10', '0001'),
	('100000003', 'Noi tiet', 'ChuyenKhoa', '10', '0002'),
	('100000004', 'Gan', 'TienSi', '7', '0002'),
	('100000005', 'Ho hap', 'TienSi', '7', '0003'),
	('100000006', 'Ho hap', 'ThacSi', '5', '0003'),
	('100000007', 'Ho hap', 'ChuyenKhoa', '10', '0003'),

	--Bac si xet nghiem--
	('100000011', 'Gan', 'ThacSi', '5', '0004'),
	('100000012', 'Gan', 'TienSi', '7', '0004'),
	('100000013', 'Truyen nhiem', 'ThacSi', '5', '0004'),
	('100000014', 'Truyen nhiem', 'TienSi', '7', '0004'),
	('100000015', 'Tim mach', 'TienSi', '7', '0004'),
	('100000016', 'Tim mach', 'TienSi', '7', '0004'),
	('100000017', 'Duong huyet', 'ChuyenKhoa', '10', '0004'),

	--Bac si chup phim--
	('100000021', 'Sieu am', 'ThacSi', '5', '0005'),
	('100000022', 'Than kinh', 'TienSi', '7', '0005'),
	('100000023', 'Chinh hinh', 'TienSi', '7', '0005'),
	('100000024', 'Chan doan', 'ChuyenKhoa', '10', '0005'),
	('100000025', 'Chinh hinh', 'ThacSi', '5', '0005'),
	('100000026', 'Sieu am', 'ThacSi', '5', '0005'),
	('100000027', 'Than kinh', 'TienSi', '7', '0005');

INSERT INTO BQL
VALUES
	('000000000');

INSERT INTO Khoa
VALUES
	('0001', 'Ngoai tong quat', '100000002'),
	('0002', 'Noi tong quat', '100000003'),
	('0003', 'YDK', '100000007'),
	('0004', 'Xet nghiem', '100000017'),
	('0005', 'CDHA', '100000024');

INSERT INTO BacSiChinh
VALUES
	('100000001'), ('100000002'), ('100000003'), ('100000004'), 
	('100000005'), ('100000006'), ('100000007');

INSERT INTO BacSiXetNghiem
VALUES
	('100000011', 'HoaSinh'),
	('100000012', 'HoaSinh'),
	('100000013', 'ViSinh'),
	('100000014', 'ViSinh'),
	('100000015', 'HoaSinh'),
	('100000016', 'HoaSinh'),
	('100000017', 'HoaSinh');

INSERT INTO BacSiChupPhim
VALUES
	('100000021', '2020-03-11'),
	('100000022', '2018-01-01'),
	('100000023', '2018-02-03'),
	('100000024', '2018-05-05'),
	('100000025', '2018-06-02'),
	('100000026', '2018-05-07'),
	('100000027', '2018-10-23');

-------------------------------
/*
	Benh nhan
*/
-------------------------------

INSERT INTO BenhNhan
VALUES
	('225600001', 'TE4795620890001', 'Nguyen Manh', 'Tuan', 'M', '03-02-2015', 113, 18),
	('225600002', 'TE4795620890002', 'Mai Thanh', 'Tuyen', 'F', '09-12-2016', 110, 15),
	('225600003', 'GD4795620890003', 'Tran Hung', 'Dung', 'M', '02-02-2010', 130, 30),
	('225600004', 'GD4795620890004', 'Ngo Thanh', 'Thuy', 'F', '06-01-2005', 165, 45),
	('225600005', 'SV4795620890005', 'Ngo Minh', 'Dai', 'M', '07-10-2000', 170, 60),
	('225600011', 'SV4795620890006', 'Tran Thanh', 'Tam', 'F', '10-01-2002', 155, 40),
	('225600012', 'CN4795620890007', 'An Duc', 'Binh', 'M', '01-02-1967', 165, 53),
	('225600013', 'HC4795620890008', 'Bui Minh', 'Giang', 'F', '09-15-1993', 162, 44),
	('225600014', 'HT4795620890009', 'Tran Cong', 'Manh', 'M', '12-02-1980', 182, 69),
	('225600015', 'XB4795620890010', 'Duong Anh', 'Duc', 'M', '02-02-1960', 165, 60);

INSERT INTO DiUng
VALUES
	('225600002', 'Paracetamol'),
	('225600011', 'Ketoconazole');

INSERT INTO BenhNhanNoiTru
VALUES
	('225600011'), ('225600012'), ('225600013'), ('225600014'), ('225600015');

INSERT INTO BenhNhanNgoaiTru
VALUES
	('225600001'), ('225600002'), ('225600003'), ('225600004'), ('225600005');

INSERT INTO BenhAnNoiTru
VALUES
	('0001', '225600011', '100000002', '100000001', '101A', 1, '2020-11-03 15:37:28', 'Tinh tao', '2020-12-01', 'Tinh tao', ''),

	('0001', '225600012', '100000005', '100000007', '105B', 5, '2020-11-03 17:05:23', 'Tinh tao', '2020-12-02', 'Tinh tao', ''),

	('0001', '225600013', '100000003', '100000004', '101A', 2, '2020-11-03 09:15:00', 'Tinh tao', '2020-12-03', 'Tinh tao', ''),

	('0001', '225600014', '100000005', '100000005', '102A', 3, '2020-11-21 18:00:12', 'Tinh tao', '2020-12-04', 'Tinh tao', '');
	
-------------------------------
/*
	Xet nghiem & chup phim
*/
-------------------------------
INSERT INTO XetNghiem
VALUES
	('0001', 'Tieu duong'),
	('0002', 'Viem gan B'),
	('0003', 'Gout');

INSERT INTO ChiSo
VALUES
	('0001', 'Duong huyet luc doi', 'mg/dL', 100.0),
	('0001', 'Duong huyet nap glucose', 'mg/dL', 140.0),

	('0002', 'Rubella-IgG', 'IU/mL', 10.0),
	('0002', 'HBsAg', 'S/CO', 1.0),
	('0002', 'Anti HBs', 'IU/L', 10.0),

	('0003', 'Acid uric', 'mg/dL', 6.0);

INSERT INTO ChupPhim
VALUES
	('CT'), ('Sieu am'), ('X-Ray')

INSERT INTO Thuoc
VALUES
	('A', 'SA', 'vien'),
	('B', 'SB', 'ml'),
	('C', 'SC', 'goi'),
	('D', 'SD', 'vien'),
	('E', 'SE', 'vien'),
	('F', 'SF', 'goi');

-------------------------------
/*
	Relation
*/
-------------------------------
INSERT INTO CuocKham
VALUES
	/*Test tai kham 2 lan cho BN ngoai tru 22560000y, y = 1, 2, 3*/
	/*Test tai kham 3 lan cho BN noi tru 22560001y, y = 1, 2, 3*/
	--Mon (BN ngoai tru kham lan dau)
	('100000000000001', '2020-11-02 10:04:05', '100000006', '225600001'),
	('100000000000002', '2020-11-02 14:02:02', '100000004', '225600002'),
	('100000000000003', '2020-11-02 07:12:23', '100000001', '225600003'),
	--Tue (BN noi tru kham lan dau)
	('200000000000001', '2020-11-03 15:37:28', '100000002', '225600011'),
	('200000000000002', '2020-11-03 17:05:23', '100000005', '225600012'),
	('200000000000003', '2020-11-03 09:15:00', '100000003', '225600013'),
	--Wed (BN ngoai tru tai kham)
	('100000000000004', '2020-11-11 14:01:32', '100000006', '225600001'),
	('100000000000005', '2020-11-11 06:30:30', '100000004', '225600002'),
	('100000000000006', '2020-11-11 13:11:34', '100000001', '225600003'),
	--Fri (BN noi tru tai kham)
	('200000000000004', '2020-11-13 11:17:23', '100000002', '225600011'),
	('200000000000005', '2020-11-13 15:23:23', '100000005', '225600012'),
	('200000000000006', '2020-11-13 07:21:45', '100000003', '225600013'),
	--Thu 
	('200000000000007', '2020-11-19 06:37:28', '100000005', '225600012'),
	('100000000000007', '2020-11-19 13:38:29', '100000004', '225600005'),
	('100000000000008', '2020-11-19 17:15:22', '100000001', '225600004'),
	--Sat
	('200000000000008', '2020-11-21 18:12:33', '100000002', '225600011'),
	('100000000000009', '2020-11-21 13:23:54', '100000006', '225600001'),
	('200000000000009', '2020-11-21 18:00:12', '100000005', '225600014'),
	--Sun
	('200000000000010', '2020-11-29 06:42:48', '100000005', '225600014'),
	('200000000000011', '2020-11-29 10:20:12', '100000003', '225600013');
	

INSERT INTO KhamNgoaiTru
VALUES
	('100000000000001', '2020-11-09 10:04:05'),
	('100000000000002', '2020-11-09 14:02:02'),
	('100000000000003', '2020-11-09 07:12:23'),

	('100000000000004', '2020-11-18 14:01:32'),
	('100000000000005', '2020-11-18 06:30:30'),
	('100000000000006', '2020-11-18 13:11:34'),

	('100000000000007', '2020-11-26 13:38:29'),
	('100000000000008', '2020-11-26 17:15:22'),

	('100000000000009', '2020-11-28 13:23:54');


INSERT INTO KhamNoiTru
VALUES
	('200000000000001', '2020-11-10 15:37:28'),
	('200000000000002', '2020-11-10 17:05:23'), 
	('200000000000003', '2020-11-10 09:15:00'),

	('200000000000004', '2020-11-20 11:17:23'),
	('200000000000005', '2020-11-20 15:23:23'),
	('200000000000006', '2020-11-20 07:21:45'),

	('200000000000007', '2020-11-26 06:37:28'),
	('200000000000008', '2020-11-28 18:12:33'),
	('200000000000009', '2020-12-28 18:00:12'),

	('200000000000010', '2020-12-06 06:42:48'),
	('200000000000011', '2020-12-06 10:20:12');

INSERT INTO CoXetNghiem
VALUES
	/*
		225600001: Da khoa,		0..1, 0..4
		225600002: Noi			0..2, 0..5
		225600003: Ngoai		0..3, 0..6
		225600011: Ngoai		1..1, 1..4, 1..8
		225600012: Da khoa		1..2, 1..5, 1..7
		225600013: Noi			1..3, 1..6, 1..11
		225600014: Da khoa		1..9, 1..10
	*/
	--225600001
	('100000000000001', '0001', '100000011', '-'),
	('100000000000001', '0002', '100000012', '+'),
	--225600002
	('100000000000002', '0003', '100000015', '+'),
	--225600001
	('100000000000004', '0002', '100000017', '+'),
	--225600002
	('100000000000005', '0003', '100000016', '-'),

	--225600012
	('200000000000002', '0003', '100000013', '+'),
	--225600013
	('200000000000003', '0002', '100000012', '+'),
	--225600012
	('200000000000005', '0003', '100000014', '+'),
	--225600013
	('200000000000006', '0002', '100000014', '+'),
	--225600012
	('200000000000007', '0003', '100000015', '+'),
	--225600014
	('200000000000009', '0001', '100000013', '+'),
	--225600014
	('200000000000010', '0001', '100000011', '+'),
	--225600013
	('200000000000011', '0002', '100000013', '+');

	

INSERT INTO KetQuaXetNghiem (MaKhamBenh, MaXN, TenChiSo, GiaTri, GhiChu)
VALUES 
	--('0001', 'Duong huyet luc doi', 'mg/dL', 100.0),
	--('0001', 'Duong huyet nap glucose', 'mg/dL', 140.0),

	--('0002', 'Rubella-IgG', 'IU/mL', 10.0),
	--('0002', 'HBsAg', 'S/CO', 1.0),
	--('0002', 'Anti HBs', 'IU/L', 10.0),

	--('0003', 'Acid uric', 'mg/dL', 6.0);

	/*	CMND		Khoa		MaKhamBenh
		225600001: Da khoa,		1..1, 1..4
		225600002: Noi			1..2, 1..5
		225600003: Ngoai		1..3, 1..6
		225600011: Ngoai		2..1, 2..4, 2..8
		225600012: Da khoa		2..2, 2..5, 2..7
		225600013: Noi			2..3, 2..6, 2..11
		225600014: Da khoa		2..9, 2..10
	*/
	--225600001
	('100000000000001', '0001', 'Duong huyet luc doi', 60.0, 'BinhThuong'),
	('100000000000001', '0001', 'Duong huyet nap glucose', 100.0, 'BinhThuong'),
	--225600001
	('100000000000001', '0002', 'Rubella-IgG', 12.3, 'BatThuong'),
	('100000000000001', '0002', 'HBsAg', 1.5, 'BatThuong'),
	('100000000000001', '0002', 'Anti HBs', 12.3, 'BatThuong'),
	--225600002
	('100000000000002', '0003', 'Acid uric', 8.6, 'BatThuong'),
	--225600001
	('100000000000004', '0002', 'Rubella-IgG', 11.3, 'BatThuong'),
	('100000000000004', '0002', 'HBsAg', 0.9, 'BinhThuong'),
	('100000000000004', '0002', 'Anti HBs', 11.5, 'BatThuong'),

	--225600002
	('100000000000005', '0003', 'Acid uric', 5.2, 'BinhThuong'),

	--225600012
	('200000000000002', '0003', 'Acid uric', 6.4, 'BatThuong'),
	--225600013
	('200000000000003', '0002', 'Rubella-IgG', 12.2, 'BatThuong'),
	('200000000000003', '0002', 'HBsAg', 1.3, 'BatThuong'),
	('200000000000003', '0002', 'Anti HBs', 11.5, 'BatThuong'),
	--225600012
	('200000000000005', '0003', 'Acid uric', 7.2, 'BatThuong'),
	--225600013
	('200000000000006', '0002', 'Rubella-IgG', 11.3, 'BatThuong'),
	('200000000000006', '0002', 'HBsAg', 0.95, 'BinhThuong'),
	('200000000000006', '0002', 'Anti HBs', 11.7, 'BatThuong'),
	--225600012
	('200000000000007', '0003', 'Acid uric', 6.8, 'BatThuong'),
	--225600014
	('200000000000009', '0001', 'Duong huyet luc doi', 105.0, 'BatThuong'),
	('200000000000009', '0001', 'Duong huyet nap glucose', 150.0, 'BatThuong'),
	--225600014
	('200000000000010', '0001', 'Duong huyet luc doi', 98.0, 'BinhThuong'),
	('200000000000010', '0001', 'Duong huyet nap glucose', 150.0, 'BatThuong'),
	--225600013
	('200000000000011', '0002', 'Rubella-IgG', 9.7, 'BinhThuong'),
	('200000000000011', '0002', 'HBsAg', 1.1, 'BatThuong'),
	('200000000000011', '0002', 'Anti HBs', 10.5, 'BatThuong');

INSERT INTO CoChupPhim
VALUES
/*
	225600003: Ngoai		1..3, 1..6
	225600011: Ngoai		2..1, 2..4, 2..8
*/
	--('100000021', 'Sieu am', 'ThacSi', '5', '0005'),
	--('100000022', 'Than kinh', 'TienSi', '7', '0005'),
	--('100000023', 'Chinh hinh', 'TienSi', '7', '0005'),
	--('100000024', 'Chan doan', 'ChuyenKhoa', '10', '0005'),
	--('100000025', 'Chinh hinh', 'ThacSi', '5', '0005'),
	--('100000026', 'Sieu am', 'ThacSi', '5', '0005'),
	--('100000027', 'Than kinh', 'TienSi', '7', '0005');
	('100000000000003', 'CT', '100000027', 'U lanh o nao'),
	('100000000000006', 'CT', '100000027', 'U lanh o nao'),
	('200000000000001', 'X-Ray', '100000023', 'Gay xuong cang tay'),
	('200000000000004', 'X-Ray', '100000023', 'Gay xuong cang tay'),
	('200000000000008', 'X-Ray', '100000025', 'Gay xuong cang tay');
	
INSERT INTO ChanDoanHinhAnh
VALUES
	('100000000000003', 'CT', 'U lanh o nao kich thuoc 1.4x1.6x1.8'),
	('100000000000006', 'CT', 'U lanh o nao kich thuoc 1.4x1.6x1.8'),
	('200000000000001', 'X-Ray', 'Gay xuong cang tay'),
	('200000000000004', 'X-Ray', 'Gay xuong cang tay'),
	('200000000000008', 'X-Ray', 'Gay xuong cang tay');

INSERT INTO CoKeDon (MaKhamBenh, TenThuoc, NhaCungCap, LieuSang, LieuTrua, LieuChieu, LieuToi, SoLuong)
VALUES

	--('A', 'SA', 'vien'),
	--('B', 'SB', 'ml'),
	--('C', 'SC', 'goi'),
	--('D', 'SD', 'vien'),
	--('E', 'SE', 'vien'),
	--('F', 'SF', 'goi');
	/*	CMND		Khoa		MaKhamBenh
		225600001: Da khoa,		1..1, 1..4
		225600002: Noi			1..2, 1..5
		225600003: Ngoai		1..3, 1..6
		225600011: Ngoai		2..1, 2..4, 2..8
		225600012: Da khoa		2..2, 2..5, 2..7
		225600013: Noi			2..3, 2..6, 2..11
		225600014: Da khoa		2..9, 2..10
	*/
	--225600001
	('100000000000001', 'A', 'SA', 1, 1, 1, 0, 21),
	--225600002
	('100000000000002', 'B', 'SB', 10, 0, 10, 0, 140),
	--225600003
	('100000000000003', 'C', 'SC', 1, 0, 1, 0, 14),
	--225600011
	('200000000000001', 'D', 'SD', 2, 2, 2, 0, 42),
	('200000000000001', 'E', 'SE', 1, 0, 1, 0, 14),
	--225600012
	('200000000000002', 'E', 'SE', 1, 2, 1, 0, 28),
	--225600013
	('200000000000003', 'F', 'SF', 1, 0, 1, 0, 14),
	--225600001
	('100000000000004', 'A', 'SA', 1, 0, 1, 0, 14),
	--225600002
	('100000000000005', 'E', 'SE', 1, 1, 1, 1, 28),
	--225600003
	('100000000000006', 'C', 'SC', 1, 0, 1, 0, 14),
	--225600011
	('200000000000004', 'D', 'SD', 1, 2, 1, 0, 28),
	('200000000000004', 'E', 'SE', 1, 0, 1, 0, 14),
	--225600012
	('200000000000005', 'E', 'SE', 1, 1, 1, 0, 21),
	('200000000000005', 'A', 'SA', 0, 1, 0, 0, 7),
	--225600013
	('200000000000006', 'F', 'SF', 1, 0, 1, 0, 14),
	--225600012
	('200000000000007', 'E', 'SE', 1, 0, 1, 0, 14),
	('200000000000007', 'A', 'SA', 0, 1, 0, 0, 7),
	--225600005
	('100000000000007', 'B', 'SB', 10, 10, 10, 0, 210),
	--225600004
	('100000000000008', 'F', 'SF', 1, 1, 2, 1, 35),
	--225600011
	('200000000000008', 'D', 'SD', 1, 1, 1, 0, 21),
	('200000000000008', 'E', 'SE', 0, 0, 1, 0, 7),
	--225600001
	('100000000000009', 'A', 'SA', 1, 0, 0, 0, 7),
	('100000000000009', 'C', 'SC', 1, 0, 0, 0, 7),
	--225600014
	('200000000000009', 'E', 'SE', 1, 1, 1, 1, 28),
	--225600014
	('200000000000010', 'A', 'SA', 1, 0, 0, 0, 7),
	('200000000000010', 'C', 'SC', 0, 1, 1, 0, 14),
	('200000000000010', 'E', 'SE', 1, 0, 0, 1, 14),
	--225600013
	('200000000000011', 'F', 'SF', 1, 0, 1, 0, 14),
	('200000000000011', 'A', 'SA', 1, 0, 0, 0, 7);

/*-------------------------
	Dinh Duong
--------------------------*/

INSERT INTO CheDoDinhDuong
VALUES 
	('100000000000001'),
	('100000000000002'),
	('100000000000005'),
	('100000000000006'),

	('200000000000001'),
	('200000000000002'),
	('200000000000005'),
	('200000000000006');

INSERT INTO ThucPhamBoSung
VALUES
	('100000000000001', 'Ca'),
	('100000000000001', 'Thit lon'),

	('100000000000002', 'Vitamin C'),

	('100000000000005', 'Ca'),
	('100000000000005', 'Thit lon'),

	('100000000000006', 'Vintamin C'),
	('100000000000006', 'Dau ca'),

	('200000000000001', 'Tom'),
	('200000000000002', 'Muc'),
	('200000000000005', 'Tom'),
	('200000000000005', 'Rau muong'),
	('200000000000006', 'Muc');

INSERT INTO ThucPhamKieng
VALUES
	('100000000000001', 'Tom'),

	('100000000000005', 'Hai san'),

	('200000000000001', 'Thit bo'),

	('200000000000005', 'Thit bo'),
	('200000000000005', 'Dau hu'),
	('200000000000006', 'Thit heo');
